time,PnL
1710806400,0.0
1710806460,0.0
1710806520,0.0
1710806580,0.0
1710806640,0.0
1710806700,0.0
1710806760,0.0
1710806820,0.0
1710806880,0.0
1710806940,0.0
1710807000,0.0
1710807060,0.0
1710807120,0.0
1710807180,0.0
1710807240,0.0
1710807300,0.0
1710807360,0.0
1710807420,0.0
1710807480,0.0
1710807540,0.0
1710807600,0.0
1710807660,0.0
1710807720,0.0
1710807780,0.0
1710807840,0.0
1710807900,0.0
1710807960,0.0
1710808020,0.0
1710808080,0.0
1710808140,0.0
1710808200,0.0
1710808260,0.0
1710808320,0.0
1710808380,0.0
1710808440,0.0
1710808500,0.0
1710808560,0.0
1710808620,0.0
1710808680,0.0
1710808740,0.0
1710808800,0.0
1710808860,0.0
1710808920,0.0
1710808980,0.0
1710809040,0.0
1710809100,0.0
1710809160,0.0
1710809220,0.0
1710809280,0.0
1710809340,0.0
1710809400,0.0
1710809460,0.0
1710809520,0.0
1710809580,0.0
1710809640,0.0
1710809700,0.0
1710809760,0.0
1710809820,0.0
1710809880,0.0
1710809940,0.0
1710810000,0.0
1710810060,0.0
1710810120,0.0
1710810180,0.0
1710810240,0.0
1710810300,0.0
1710810360,0.0
1710810420,0.0
1710810480,0.0
1710810540,0.0
1710810600,0.0
1710810660,0.0
1710810720,0.0
1710810780,0.0
1710810840,0.0
1710810900,0.0
1710810960,0.0
1710811020,0.0
1710811080,0.0
1710811140,0.0
1710811200,0.0
1710811260,0.0
1710811320,0.0
1710811380,0.0
1710811440,0.0
1710811500,0.0
1710811560,0.0
1710811620,0.0
1710811680,0.0
1710811740,0.0
1710811800,0.0
1710811860,0.0
1710811920,0.0
1710811980,0.0
1710812040,0.0
1710812100,0.0
1710812160,0.0
1710812220,0.0
1710812280,0.0
1710812340,0.0
1710812400,0.0
1710812460,0.0
1710812520,0.0
1710812580,0.0
1710812640,0.0
1710812700,0.0
1710812760,0.0
1710812820,0.0
1710812880,0.0
1710812940,0.0
1710813000,0.0
1710813060,0.0
1710813120,0.0
1710813180,0.0
1710813240,0.0
1710813300,0.0
1710813360,0.0
1710813420,0.0
1710813480,0.0
1710813540,0.0
1710813600,0.0
1710813660,0.0
1710813720,0.0
1710813780,0.0
1710813840,0.0
1710813900,0.0
1710813960,0.0
1710814020,0.0
1710814080,0.0
1710814140,0.0
1710814200,0.0
1710814260,0.0
1710814320,0.0
1710814380,0.0
1710814440,0.0
1710814500,0.0
1710814560,0.0
1710814620,0.0
1710814680,0.0
1710814740,0.0
1710814800,0.0
1710814860,0.0
1710814920,0.0
1710814980,0.0
1710815040,0.0
1710815100,0.0
1710815160,0.0
1710815220,0.0
1710815280,0.0
1710815340,0.0
1710815400,0.0
1710815460,0.0
1710815520,0.0
1710815580,0.0
1710815640,0.0
1710815700,0.0
1710815760,0.0
1710815820,0.0
1710815880,0.0
1710815940,0.0
1710816000,0.0
1710816060,0.0
1710816120,0.0
1710816180,0.0
1710816240,0.0
1710816300,0.0
1710816360,0.0
1710816420,0.0
1710816480,0.0
1710816540,0.0
1710816600,0.0
1710816660,0.0
1710816720,0.0
1710816780,0.0
1710816840,0.0
1710816900,0.0
1710816960,0.0
1710817020,0.0
1710817080,0.0
1710817140,0.0
1710817200,0.0
1710817260,0.0
1710817320,0.0
1710817380,0.0
1710817440,0.0
1710817500,0.0
1710817560,0.0
1710817620,0.0
1710817680,0.0
1710817740,0.0
1710817800,0.0
1710817860,0.0
1710817920,0.0
1710817980,0.0
1710818040,0.0
1710818100,0.0
1710818160,0.0
1710818220,0.0
1710818280,0.0
1710818340,0.0
1710818400,0.0
1710818460,0.0
1710818520,0.0
1710818580,0.0
1710818640,0.0
1710818700,0.0
1710818760,0.0
1710818820,0.0
1710818880,0.0
1710818940,0.0
1710819000,0.0
1710819060,0.0
1710819120,0.0
1710819180,0.0
1710819240,0.0
1710819300,0.0
1710819360,0.0
1710819420,0.0
1710819480,0.0
1710819540,0.0
1710819600,0.0
1710819660,0.0
1710819720,0.0
1710819780,0.0
1710819840,0.0
1710819900,0.0
1710819960,0.0
1710820020,0.0
1710820080,0.0
1710820140,0.0
1710820200,0.0
1710820260,0.0
1710820320,0.0
1710820380,0.0
1710820440,0.0
1710820500,0.0
1710820560,0.0
1710820620,0.0
1710820680,0.0
1710820740,0.0
1710820800,0.0
1710820860,0.0
1710820920,0.0
1710820980,0.0
1710821040,0.0
1710821100,0.0
1710821160,0.0
1710821220,0.0
1710821280,0.0
1710821340,0.0
1710821400,0.0
1710821460,0.0
1710821520,0.0
1710821580,0.0
1710821640,0.0
1710821700,0.0
1710821760,0.0
1710821820,0.0
1710821880,0.0
1710821940,0.0
1710822000,0.0
1710822060,0.0
1710822120,0.0
1710822180,0.0
1710822240,0.0
1710822300,0.0
1710822360,0.0
1710822420,0.0
1710822480,0.0
1710822540,0.0
1710822600,0.0
1710822660,0.0
1710822720,0.0
1710822780,0.0
1710822840,0.0
1710822900,0.0
1710822960,0.0
1710823020,0.0
1710823080,0.0
1710823140,0.0
1710823200,0.0
1710823260,0.0
1710823320,0.0
1710823380,0.0
1710823440,0.0
1710823500,0.0
1710823560,0.0
1710823620,0.0
1710823680,0.0
1710823740,0.0
1710823800,0.0
1710823860,0.0
1710823920,0.0
1710823980,0.0
1710824040,0.0
1710824100,0.0
1710824160,0.0
1710824220,0.0
1710824280,0.0
1710824340,0.0
1710824400,0.0
1710824460,0.0
1710824520,0.0
1710824580,0.0
1710824640,0.0
1710824700,0.0
1710824760,0.0
1710824820,0.0
1710824880,0.0
1710824940,0.0
1710825000,0.0
1710825060,0.0
1710825120,0.0
1710825180,0.0
1710825240,0.0
1710825300,0.0
1710825360,0.0
1710825420,0.0
1710825480,0.0
1710825540,0.0
1710825600,0.0
1710825660,0.0
1710825720,0.0
1710825780,0.0
1710825840,0.0
1710825900,0.0
1710825960,0.0
1710826020,0.0
1710826080,0.0
1710826140,0.0
1710826200,0.0
1710826260,0.0
1710826320,0.0
1710826380,0.0
1710826440,0.0
1710826500,0.0
1710826560,0.0
1710826620,0.0
1710826680,0.0
1710826740,0.0
1710826800,0.0
1710826860,0.0
1710826920,0.0
1710826980,0.0
1710827040,0.0
1710827100,0.0
1710827160,0.0
1710827220,0.0
1710827280,0.0
1710827340,0.0
1710827400,0.0
1710827460,0.0
1710827520,0.0
1710827580,0.0
1710827640,0.0
1710827700,0.0
1710827760,0.0
1710827820,0.0
1710827880,0.0
1710827940,0.0
1710828000,0.0
1710828060,0.0
1710828120,0.0
1710828180,0.0
1710828240,0.0
1710828300,0.0
1710828360,0.0
1710828420,0.0
1710828480,0.0
1710828540,0.0
1710828600,0.0
1710828660,0.0
1710828720,0.0
1710828780,0.0
1710828840,0.0
1710828900,0.0
1710828960,0.0
1710829020,0.0
1710829080,0.0
1710829140,0.0
1710829200,0.0
1710829260,0.0
1710829320,0.0
1710829380,0.0
1710829440,0.0
1710829500,0.0
1710829560,0.0
1710829620,0.0
1710829680,0.0
1710829740,0.0
1710829800,0.0
1710829860,0.0
1710829920,0.0
1710829980,0.0
1710830040,0.0
1710830100,0.0
1710830160,0.0
1710830220,0.0
1710830280,0.0
1710830340,0.0
1710830400,0.0
1710830460,0.0
1710830520,0.0
1710830580,0.0
1710830640,0.0
1710830700,0.0
1710830760,0.0
1710830820,0.0
1710830880,0.0
1710830940,0.0
1710831000,0.0
1710831060,0.0
1710831120,0.0
1710831180,0.0
1710831240,0.0
1710831300,0.0
1710831360,0.0
1710831420,0.0
1710831480,0.0
1710831540,0.0
1710831600,0.0
1710831660,0.0
1710831720,0.0
1710831780,0.0
1710831840,0.0
1710831900,0.0
1710831960,0.0
1710832020,0.0
1710832080,0.0
1710832140,0.0
1710832200,0.0
1710832260,0.0
1710832320,0.0
1710832380,0.0
1710832440,0.0
1710832500,0.0
1710832560,0.0
1710832620,0.0
1710832680,0.0
1710832740,0.0
1710832800,0.0
1710832860,0.0
1710832920,0.0
1710832980,0.0
1710833040,0.0
1710833100,0.0
1710833160,0.0
1710833220,0.0
1710833280,0.0
1710833340,0.0
1710833400,0.0
1710833460,0.0
1710833520,0.0
1710833580,0.0
1710833640,0.0
1710833700,0.0
1710833760,0.0
1710833820,0.0
1710833880,0.0
1710833940,0.0
1710834000,0.0
1710834060,0.0
1710834120,0.0
1710834180,0.0
1710834240,0.0
1710834300,0.0
1710834360,0.0
1710834420,0.0
1710834480,0.0
1710834540,0.0
1710834600,0.0
1710834660,0.0
1710834720,0.0
1710834780,0.0
1710834840,0.0
1710834900,0.0
1710834960,0.0
1710835020,0.0
1710835080,0.0
1710835140,0.0
1710835200,0.0
1710835260,0.0
1710835320,0.0
1710835380,0.0
1710835440,0.0
1710835500,0.0
1710835560,0.0
1710835620,0.0
1710835680,0.0
1710835740,0.0
1710835800,0.0
1710835860,0.0
1710835920,0.0
1710835980,0.0
1710836040,0.0
1710836100,0.0
1710836160,0.0
1710836220,0.0
1710836280,0.0
1710836340,0.0
1710836400,0.0
1710836460,0.0
1710836520,0.0
1710836580,0.0
1710836640,0.0
1710836700,0.0
1710836760,0.0
1710836820,0.0
1710836880,0.0
1710836940,0.0
1710837000,0.0
1710837060,0.0
1710837120,0.0
1710837180,0.0
1710837240,0.0
1710837300,0.0
1710837360,0.0
1710837420,0.0
1710837480,0.0
1710837540,0.0
1710837600,0.0
1710837660,0.0
1710837720,0.0
1710837780,0.0
1710837840,0.0
1710837900,0.0
1710837960,0.0
1710838020,0.0
1710838080,0.0
1710838140,0.0
1710838200,0.0
1710838260,0.0
1710838320,0.0
1710838380,0.0
1710838440,0.0
1710838500,0.0
1710838560,0.0
1710838620,0.0
1710838680,0.0
1710838740,0.0
1710838800,0.0
1710838860,0.0
1710838920,0.0
1710838980,0.0
1710839040,0.0
1710839100,0.0
1710839160,0.0
1710839220,0.0
1710839280,0.0
1710839340,0.0
1710839400,0.0
1710839460,0.0
1710839520,0.0
1710839580,0.0
1710839640,0.0
1710839700,0.0
1710839760,0.0
1710839820,0.0
1710839880,0.0
1710839940,0.0
1710840000,0.0
1710840060,0.0
1710840120,0.0
1710840180,0.0
1710840240,0.0
1710840300,0.0
1710840360,0.0
1710840420,0.0
1710840480,0.0
1710840540,0.0
1710840600,0.0
1710840660,0.0
1710840720,0.0
1710840780,0.0
1710840840,0.0
1710840900,0.0
1710840960,0.0
1710841020,0.0
1710841080,0.0
1710841140,0.0
1710841200,0.0
1710841260,0.0
1710841320,0.0
1710841380,0.0
1710841440,0.0
1710841500,0.0
1710841560,0.0
1710841620,0.0
1710841680,0.0
1710841740,0.0
1710841800,0.0
1710841860,0.0
1710841920,0.0
1710841980,0.0
1710842040,0.0
1710842100,0.0
1710842160,0.0
1710842220,0.0
1710842280,0.0
1710842340,0.0
1710842400,0.0
1710842460,0.0
1710842520,0.0
1710842580,0.0
1710842640,0.0
1710842700,0.0
1710842760,0.0
1710842820,0.0
1710842880,0.0
1710842940,0.0
1710843000,0.0
1710843060,0.0
1710843120,0.0
1710843180,0.0
1710843240,0.0
1710843300,0.0
1710843360,0.0
1710843420,0.0
1710843480,0.0
1710843540,0.0
1710843600,0.0
1710843660,0.0
1710843720,0.0
1710843780,0.0
1710843840,0.0
1710843900,0.0
1710843960,0.0
1710844020,0.0
1710844080,0.0
1710844140,0.0
1710844200,0.0
1710844260,0.0
1710844320,0.0
1710844380,0.0
1710844440,0.0
1710844500,0.0
1710844560,0.0
1710844620,0.0
1710844680,0.0
1710844740,0.0
1710844800,0.0
1710844860,0.0
1710844920,0.0
1710844980,0.0
1710845040,0.0
1710845100,0.0
1710845160,0.0
1710845220,0.0
1710845280,0.0
1710845340,0.0
1710845400,0.0
1710845460,0.0
1710845520,0.0
1710845580,0.0
1710845640,0.0
1710845700,0.0
1710845760,0.0
1710845820,0.0
1710845880,0.0
1710845940,0.0
1710846000,0.0
1710846060,0.0
1710846120,0.0
1710846180,0.0
1710846240,0.0
1710846300,0.0
1710846360,0.0
1710846420,0.0
1710846480,0.0
1710846540,0.0
1710846600,0.0
1710846660,0.0
1710846720,0.0
1710846780,0.0
1710846840,0.0
1710846900,0.0
1710846960,0.0
1710847020,0.0
1710847080,0.0
1710847140,0.0
1710847200,0.0
1710847260,0.0
1710847320,0.0
1710847380,0.0
1710847440,0.0
1710847500,0.0
1710847560,0.0
1710847620,0.0
1710847680,0.0
1710847740,0.0
1710847800,0.0
1710847860,0.0
1710847920,0.0
1710847980,0.0
1710848040,0.0
1710848100,0.0
1710848160,0.0
1710848220,0.0
1710848280,0.0
1710848340,0.0
1710848400,0.0
1710848460,0.0
1710848520,0.0
1710848580,0.0
1710848640,0.0
1710848700,0.0
1710848760,0.0
1710848820,0.0
1710848880,0.0
1710848940,0.0
1710849000,0.0
1710849060,0.0
1710849120,0.0
1710849180,0.0
1710849240,0.0
1710849300,0.0
1710849360,0.0
1710849420,0.0
1710849480,0.0
1710849540,0.0
1710849600,0.0
1710849660,0.0
1710849720,0.0
1710849780,0.0
1710849840,0.0
1710849900,0.0
1710849960,0.0
1710850020,0.0
1710850080,0.0
1710850140,0.0
1710850200,0.0
1710850260,0.0
1710850320,0.0
1710850380,0.0
1710850440,0.0
1710850500,0.0
1710850560,0.0
1710850620,0.0
1710850680,0.0
1710850740,0.0
1710850800,0.0
1710850860,0.0
1710850920,0.0
1710850980,0.0
1710851040,0.0
1710851100,0.0
1710851160,0.0
1710851220,0.0
1710851280,0.0
1710851340,0.0
1710851400,0.0
1710851460,0.0
1710851520,0.0
1710851580,0.0
1710851640,0.0
1710851700,0.0
1710851760,0.0
1710851820,0.0
1710851880,0.0
1710851940,0.0
1710852000,0.0
1710852060,0.0
1710852120,0.0
1710852180,0.0
1710852240,0.0
1710852300,0.0
1710852360,0.0
1710852420,0.0
1710852480,0.0
1710852540,0.0
1710852600,0.0
1710852660,0.0
1710852720,0.0
1710852780,0.0
1710852840,0.0
1710852900,0.0
1710852960,0.0
1710853020,0.0
1710853080,0.0
1710853140,0.0
1710853200,-0.13725666618380217
1710853260,0.9203860718162034
1710853320,0.6960013008162065
1710853380,0.4078882618162041
1710853440,-0.7911136291837906
1710853500,-1.1151945471837976
1710853560,-0.9203200131838045
1710853620,-0.0896619691838012
1710853680,1.1337900938162093
1710853740,1.6430846508162062
1710853800,2.2927602638162057
1710853860,3.088614720816196
1710853920,3.703670683816206
1710853980,2.6756978958162065
1710854040,3.4484163348162085
1710854100,3.402072438816198
1710854160,1.62827393081621
1710854220,2.6214484998162
1710854280,3.898872399816206
1710854340,4.0846055848162095
1710854400,5.937139929816212
1710854460,7.3563447248162035
1710854520,8.059766270816198
1710854580,8.1283841268162
1710854640,9.311036869816206
1710854700,9.1048325278162
1710854760,9.968256809816204
1710854820,6.863785353816205
1710854880,6.310287507816206
1710854940,6.3417866388162025
1710855000,4.9749995358162025
1710855060,4.2514333978162
1710855120,4.168297619816215
1710855180,4.841287202816211
1710855240,4.187827509816202
1710855300,6.005136864816208
1710855360,7.423204005816203
1710855420,7.748730536816204
1710855480,7.850351753816206
1710855540,7.100080889816212
1710855600,5.091106450816202
1710855660,5.021398799816204
1710855720,4.122028262816205
1710855780,3.024344155816209
1710855840,2.6861259358162037
1710855900,3.1762488218162055
1710855960,4.5891223298162025
1710856020,7.220327921816207
1710856080,8.445547383816212
1710856140,8.249122020816202
1710856200,7.458055371816201
1710856260,6.227236110816204
1710856320,6.511653069816202
1710856380,9.179643639816206
1710856440,10.567433930816208
1710856500,11.759210540816202
1710856560,14.376263585816204
1710856620,13.261013000816206
1710856680,11.748867123816204
1710856740,12.598933718816205
1710856800,11.191886055816202
1710856860,10.58512281681621
1710856920,7.558671798816199
1710856980,7.458885558816206
1710857040,6.5869403068162065
1710857100,7.588050655816211
1710857160,7.763338060816203
1710857220,8.711678542816205
1710857280,10.522770135816195
1710857340,8.315098974816213
1710857400,4.674991579816204
1710857460,5.09853405881621
1710857520,5.8215488838162095
1710857580,6.186505387816201
1710857640,4.941621513816205
1710857700,7.528400269816196
1710857760,8.43996484381621
1710857820,6.654449201816199
1710857880,3.9137094878162095
1710857940,4.113200666816212
1710858000,4.078121310816211
1710858060,3.5774912378162114
1710858120,3.10434290081621
1710858180,2.3671667208162077
1710858240,0.6965392998162017
1710858300,5.144923154816205
1710858360,4.955157578816202
1710858420,3.2937402138162106
1710858480,3.396258809816196
1710858540,2.59463872281621
1710858600,4.727347872816207
1710858660,6.38139355081621
1710858720,0.8394981278161993
1710858780,-0.7803312691837867
1710858840,-1.8755756121838054
1710858900,-1.0381857521838
1710858960,-2.2092723201837963
1710859020,4.686379405816201
1710859080,7.333902454816204
1710859140,8.123547366816204
1710859200,11.030632973816203
1710859260,11.667252266816206
1710859320,13.438097661816208
1710859380,14.866112441816203
1710859440,17.263184575816204
1710859500,15.742726821816198
1710859560,13.7891205478162
1710859620,13.517313258816202
1710859680,10.985625118816202
1710859740,14.161581471816206
1710859800,15.533659843816203
1710859860,13.751118855816205
1710859920,13.095310510816212
1710859980,11.229956027816208
1710860040,11.620995443816202
1710860100,13.073216921816208
1710860160,10.689424654816204
1710860220,9.942631959816207
1710860280,11.434998564816205
1710860340,12.054575306816204
1710860400,8.145649611816207
1710860460,7.662268972816207
1710860520,6.8794985138162055
1710860580,9.507822957816202
1710860640,11.229758430816204
1710860700,13.734522085816202
1710860760,14.718457196816203
1710860820,15.140316402816207
1710860880,13.941074444816202
1710860940,13.429676223816205
1710861000,12.655125128816206
1710861060,8.768274896816205
1710861120,11.836877699816199
1710861180,10.218598315816205
1710861240,10.849592260816213
1710861300,8.158765612816214
1710861360,8.162997151816203
1710861420,10.201262487816201
1710861480,10.453837626816206
1710861540,15.635021822816206
1710861600,17.311491261816204
1710861660,18.83984817281621
1710861720,19.574396254816207
1710861780,20.427841828816206
1710861840,18.912331122816205
1710861900,18.6821884338162
1710861960,19.922200656816205
1710862020,20.738204800816206
1710862080,19.070720160816204
1710862140,19.0602884818162
1710862200,19.9509714948162
1710862260,20.706226707816203
1710862320,24.409877609816206
1710862380,26.5664234068162
1710862440,27.450188660816202
1710862500,27.697998305816206
1710862560,27.795461495816213
1710862620,26.62438379481621
1710862680,26.456245297816203
1710862740,27.4475552878162
1710862800,26.866736655816197
1710862860,28.48958928381621
1710862920,25.425210517816204
1710862980,27.090332425816207
1710863040,26.59716549481621
1710863100,26.793586928816204
1710863160,26.995114720816204
1710863220,26.945171828816207
1710863280,27.57629838981621
1710863340,28.06779995681621
1710863400,28.404997271816203
1710863460,29.08476224381621
1710863520,25.33341724481621
1710863580,25.552745686816202
1710863640,25.725255542816207
1710863700,26.191305946816207
1710863760,25.706906105816206
1710863820,26.876465869816204
1710863880,27.744215088816205
1710863940,26.765392098816207
1710864000,26.82872834781621
1710864060,26.927155207816202
1710864120,25.755123554816205
1710864180,26.733464590816205
1710864240,25.788308328816207
1710864300,25.832601179816198
1710864360,24.97673570581621
1710864420,23.64252730281621
1710864480,23.033201597816202
1710864540,24.69625877081621
1710864600,21.89202070181621
1710864660,23.50166096481621
1710864720,25.349091619816207
1710864780,26.162927044816207
1710864840,27.182902602816206
1710864900,28.304839100816203
1710864960,28.976352644816203
1710865020,26.724565606816206
1710865080,28.2335571348162
1710865140,28.006021906816205
1710865200,29.380223879816203
1710865260,28.80217327781621
1710865320,29.506532962816205
1710865380,29.276988511816207
1710865440,31.887349447816206
1710865500,30.65854300381621
1710865560,32.2557061218162
1710865620,31.245462294816207
1710865680,32.57898946581621
1710865740,32.8600044058162
1710865800,32.982920515816204
1710865860,29.8273915678162
1710865920,31.251108463816202
1710865980,31.510430941816203
1710866040,32.353090577816204
1710866100,32.36181057981621
1710866160,33.5580536408162
1710866220,32.57636272981621
1710866280,32.39851325981621
1710866340,32.01232167481621
1710866400,32.4037207938162
1710866460,29.635655744816205
1710866520,30.74978682981621
1710866580,27.7598823178162
1710866640,28.773304380816192
1710866700,28.95485768681621
1710866760,29.46669237981621
1710866820,28.436349119816207
1710866880,31.788805535816202
1710866940,29.559479107816202
1710867000,30.2947792048162
1710867060,27.6282294018162
1710867120,27.348328037816202
1710867180,28.6017294288162
1710867240,28.29380374481621
1710867300,25.265425200816203
1710867360,27.6585960468162
1710867420,28.866102496816204
1710867480,31.536428670816207
1710867540,25.655558823816214
1710867600,29.788372233816204
1710867660,26.371191684816203
1710867720,18.996159043816213
1710867780,16.1609334908162
1710867840,14.5456194478162
1710867900,11.597002747816205
1710867960,15.589845262816212
1710868020,13.697434144816206
1710868080,17.470414103816218
1710868140,15.124404985816206
1710868200,11.270274522816202
1710868260,9.079876537816205
1710868320,7.353307273816199
1710868380,5.6010606888162044
1710868440,3.5670776258161894
1710868500,3.640713331816201
1710868560,8.963584500816204
1710868620,4.777414128816204
1710868680,7.1331342298162
1710868740,5.052019791816214
1710868800,5.157966952816203
1710868860,2.9772094718162023
1710868920,3.074875927816194
1710868980,2.571550627816201
1710869040,2.6850218918162057
1710869100,2.3702682088162064
1710869160,2.438991841816204
1710869220,-3.3280911871838015
1710869280,-5.930283061183793
1710869340,0.4526325878162041
1710869400,7.324951842816198
1710869460,9.275778358816211
1710869520,11.804564156816205
1710869580,7.324784493816203
1710869640,13.479013838816208
1710869700,17.20917168981621
1710869760,18.462720164816197
1710869820,22.706769262816202
1710869880,23.56013821381621
1710869940,24.745717401816208
1710870000,27.185864903816203
1710870060,26.77419139381621
1710870120,33.085244456816206
1710870180,29.08904666481621
1710870240,28.422468017816207
1710870300,25.547716093816206
1710870360,26.96296987881621
1710870420,29.362663909816206
1710870480,29.6487783658162
1710870540,31.174074361816203
1710870600,35.9737232668162
1710870660,34.13080735581621
1710870720,35.516226784816205
1710870780,34.88870822181621
1710870840,33.125787186816204
1710870900,35.34623337881621
1710870960,33.0541116348162
1710871020,31.787341875816203
1710871080,32.933235528816205
1710871140,32.0354325718162
1710871200,33.10363065081621
1710871260,35.56805756281621
1710871320,36.040809708816205
1710871380,36.15506938681621
1710871440,37.03486501581621
1710871500,38.04544367081621
1710871560,39.07724865081621
1710871620,40.79603325481621
1710871680,43.39286345381621
1710871740,42.24888139481621
1710871800,41.970648901816205
1710871860,42.8456349758162
1710871920,44.10631618581621
1710871980,45.33698780181621
1710872040,44.054681593816206
1710872100,40.9978531228162
1710872160,41.2837632478162
1710872220,40.36906079681621
1710872280,39.6260966528162
1710872340,39.7463986618162
1710872400,36.174477390816214
1710872460,39.37610132781621
1710872520,41.6623631288162
1710872580,37.666765352816206
1710872640,39.285286494816205
1710872700,38.09056496281621
1710872760,39.499270812816206
1710872820,38.60485657681621
1710872880,38.44111266281621
1710872940,37.868706561816204
1710873000,35.851344856816205
1710873060,35.57243681181621
1710873120,38.2601553398162
1710873180,38.122436531816206
1710873240,37.3184089048162
1710873300,36.72931372681621
1710873360,35.73317973981621
1710873420,38.94833582381621
1710873480,37.978385993816204
1710873540,38.40022608381621
1710873600,37.92678933081621
1710873660,38.259716852816204
1710873720,37.02617957381621
1710873780,36.33743070281621
1710873840,37.85328677181621
1710873900,37.101051000816206
1710873960,39.5886591658162
1710874020,38.65818456981621
1710874080,42.069468265816205
1710874140,41.8912354448162
1710874200,41.42684230181621
1710874260,42.011485937816204
1710874320,44.30059647981621
1710874380,44.533259181816206
1710874440,44.99022039381621
1710874500,45.33328509881621
1710874560,44.583370880816204
1710874620,43.291830747816206
1710874680,42.537259209816206
1710874740,44.756591107816206
1710874800,44.62191468581621
1710874860,46.920283010816206
1710874920,46.8467555678162
1710874980,48.269793130816204
1710875040,49.25606623081621
1710875100,48.50464046581621
1710875160,47.07777436881621
1710875220,45.59213808581621
1710875280,45.306133505816206
1710875340,44.93653626981621
1710875400,43.78456485381621
1710875460,44.36898267081621
1710875520,45.5982008028162
1710875580,43.59182158481621
1710875640,44.76545083381621
1710875700,44.217459547816205
1710875760,43.420624768816204
1710875820,43.899476666816206
1710875880,43.79359572081621
1710875940,43.24307747781621
1710876000,42.67808078781621
1710876060,41.826601970816206
1710876120,39.8552130488162
1710876180,38.24881435581621
1710876240,32.44799418981621
1710876300,30.51053689581621
1710876360,36.6712634958162
1710876420,37.482751666816206
1710876480,40.550754500816204
1710876540,41.35944519581621
1710876600,43.458120633816215
1710876660,44.83218557081621
1710876720,43.70225408981621
1710876780,46.485905546816205
1710876840,48.14421361381621
1710876900,48.36512975681621
1710876960,47.76642914381621
1710877020,46.853924635816206
1710877080,45.9708067238162
1710877140,46.025710714816206
1710877200,46.800974051816205
1710877260,48.317821390816206
1710877320,48.00663256481621
1710877380,49.5781658068162
1710877440,48.662910780816205
1710877500,49.08966844881621
1710877560,49.33698453981621
1710877620,47.524988154816214
1710877680,48.57703581581621
1710877740,51.043057141816206
1710877800,52.0059590878162
1710877860,51.98179583381621
1710877920,52.570014339816204
1710877980,53.1615561758162
1710878040,52.839534208816204
1710878100,52.1813476918162
1710878160,51.896437350816214
1710878220,53.35900895981621
1710878280,53.12144668981621
1710878340,55.25176752681621
1710878400,54.91010976381621
1710878460,56.4825125098162
1710878520,57.11539109381621
1710878580,60.269723166816206
1710878640,57.801557904816214
1710878700,57.671509471816215
1710878760,57.328300406816204
1710878820,56.91162200281621
1710878880,56.330141313816206
1710878940,55.724645370816205
1710879000,55.568207738816206
1710879060,55.18882764381621
1710879120,55.89181699381621
1710879180,60.4141542938162
1710879240,59.76589608381621
1710879300,59.695056396816206
1710879360,59.625350635816204
1710879420,59.381820383816205
1710879480,58.96733051881621
1710879540,58.430369748816204
1710879600,58.79799727981621
1710879660,59.5198771028162
1710879720,59.54335466681621
1710879780,59.60683393081621
1710879840,60.0142607828162
1710879900,59.919558624816204
1710879960,58.856104517816206
1710880020,59.2088758438162
1710880080,59.22865731781621
1710880140,59.285774794816206
1710880200,59.60398685481621
1710880260,59.63292084381621
1710880320,59.40500441781621
1710880380,57.5672183108162
1710880440,58.5906912128162
1710880500,58.14992770281621
1710880560,58.56470315281621
1710880620,59.22576403681621
1710880680,59.39508626881621
1710880740,59.84997224881621
1710880800,60.29487303281621
1710880860,59.9500447328162
1710880920,60.43500069081621
1710880980,59.863991762816205
1710881040,59.96076746681621
1710881100,60.019621378816204
1710881160,60.278536855816206
1710881220,60.39929638881621
1710881280,60.7436567858162
1710881340,60.640290558816204
1710881400,61.067159876816206
1710881460,61.028323353816205
1710881520,61.61661821681621
1710881580,61.04026139181621
1710881640,61.03842174281621
1710881700,61.54061204181621
1710881760,60.971763038816206
1710881820,61.274652761816206
1710881880,61.48699204081621
1710881940,61.749504712816204
1710882000,61.86587045581621
1710882060,61.971889350816205
1710882120,62.1610201598162
1710882180,62.8297207428162
1710882240,63.27333775681621
1710882300,63.415424243816204
1710882360,63.315870579816206
1710882420,63.394697515816205
1710882480,63.594152038816205
1710882540,63.77148262381621
1710882600,63.978334305816205
1710882660,64.1374380168162
1710882720,64.17023194681622
1710882780,64.6708181588162
1710882840,64.8854271278162
1710882900,64.89355677181621
1710882960,65.53506663681621
1710883020,64.88988915681621
1710883080,65.75098129581622
1710883140,65.93801520481621
1710883200,66.02205927081621
1710883260,65.52499687881621
1710883320,65.07472480781621
1710883380,65.28586134381621
1710883440,65.47918830281621
1710883500,65.45732078181621
1710883560,66.3235488958162
1710883620,66.5331500828162
1710883680,66.64506186781621
1710883740,66.8159997748162
1710883800,66.55843619581621
1710883860,66.2845806608162
1710883920,65.7586426248162
1710883980,66.5589000898162
1710884040,67.4748840118162
1710884100,67.30561854781621
1710884160,67.3378237568162
1710884220,67.4776439108162
1710884280,67.66176181681621
1710884340,67.9398746738162
1710884400,68.92167056081621
1710884460,68.90768196781622
1710884520,69.17746974581621
1710884580,68.4048795748162
1710884640,68.6372476258162
1710884700,68.77405117981621
1710884760,68.52654417081621
1710884820,69.18376782481621
1710884880,68.75005921981621
1710884940,69.0399011658162
1710885000,69.6653544598162
1710885060,69.8904255628162
1710885120,68.84959271581621
1710885180,68.69292886581621
1710885240,69.81944532881622
1710885300,69.44225496981622
1710885360,70.0146598268162
1710885420,70.40765248381621
1710885480,70.75805597681621
1710885540,70.8939340748162
1710885600,71.0786055758162
1710885660,71.5603355158162
1710885720,70.68113247881621
1710885780,70.4248346698162
1710885840,70.52734109481621
1710885900,70.3673492108162
1710885960,70.5333061318162
1710886020,70.68277388181622
1710886080,70.9244726828162
1710886140,70.7445346458162
1710886200,70.2793128758162
1710886260,69.52733589981621
1710886320,69.2260182338162
1710886380,69.88718101681621
1710886440,69.0495912938162
1710886500,66.8045971968162
1710886560,62.5576263868162
1710886620,60.32968268381621
1710886680,56.9883344888162
1710886740,57.426753944816205
1710886800,58.0343511028162
1710886860,55.4389287308162
1710886920,57.16061059381621
1710886980,61.275115791816205
1710887040,61.83702743181621
1710887100,63.17727222281621
1710887160,63.4085301538162
1710887220,61.39034053981621
1710887280,60.87952081581621
1710887340,59.924653992816204
1710887400,59.1382058048162
1710887460,61.12538092181621
1710887520,62.53104707081621
1710887580,63.85988432381621
1710887640,63.67070462881621
1710887700,61.96880606181621
1710887760,60.61235412081621
1710887820,58.46629179181621
1710887880,57.22999137681621
1710887940,58.23252659181621
1710888000,59.12084651581621
1710888060,58.7677665648162
1710888120,56.66355485881621
1710888180,53.89978801681621
1710888240,53.32939141481621
1710888300,53.61676370081621
1710888360,54.743039919816205
1710888420,53.3613898628162
1710888480,53.181084963816204
1710888540,53.5454599958162
1710888600,53.51176448681621
1710888660,54.30697748281621
1710888720,53.33202641181621
1710888780,50.90273443081621
1710888840,48.654487655816204
1710888900,47.6577133918162
1710888960,48.5233786258162
1710889020,49.34654809381621
1710889080,51.41063470481621
1710889140,51.33097137281621
1710889200,54.64701329181621
1710889260,52.8002456348162
1710889320,47.916913329816204
1710889380,39.24682692781621
1710889440,37.058909025816206
1710889500,36.2999427508162
1710889560,30.768670566816212
1710889620,29.060274254816207
1710889680,36.46877599981621
1710889740,31.983685908816206
1710889800,30.137393231816205
1710889860,30.042010333816208
1710889920,28.414547479816207
1710889980,29.153861858816214
1710890040,25.833349152816204
1710890100,23.260988572816196
1710890160,30.279099458816205
1710890220,33.4630661348162
1710890280,35.80436906681621
1710890340,32.883184617816205
1710890400,25.5093365588162
1710890460,27.411306716816206
1710890520,16.9904220388162
1710890580,9.564253713816207
1710890640,9.5791931228162
1710890700,4.420585463816202
1710890760,5.528456258816199
1710890820,14.642785376816207
1710890880,22.3491230808162
1710890940,9.6912710378162
1710891000,18.687410374816203
1710891060,25.704683454816205
1710891120,25.05488526181621
1710891180,23.6888262358162
1710891240,24.823040574816204
1710891300,30.12321620081621
1710891360,33.39901450281621
1710891420,31.434620452816205
1710891480,29.683421978816206
1710891540,28.8837787218162
1710891600,31.688370199816205
1710891660,30.05853163581621
1710891720,34.497313361816204
1710891780,35.0865129418162
1710891840,30.4543443178162
1710891900,32.32411059081621
1710891960,38.05130122081621
1710892020,38.071427928816206
1710892080,37.158601113816204
1710892140,35.020893077816204
1710892200,36.315157445816205
1710892260,36.2463294128162
1710892320,36.30336113581621
1710892380,30.888460536816204
1710892440,24.554124650816213
1710892500,18.28669444381621
1710892560,22.53956681481621
1710892620,21.788975913816216
1710892680,25.192592594816205
1710892740,25.9815915398162
1710892800,27.4061809258162
1710892860,35.183467130816204
1710892920,37.1324640878162
1710892980,32.34799535381621
1710893040,27.012770956816205
1710893100,34.212275066816204
1710893160,28.45814653681621
1710893220,28.427244646816206
1710893280,34.24544190081621
1710893340,35.448308750816196
1710893400,37.3330987928162
1710893460,35.49872079881621
1710893520,38.12284572181621
1710893580,32.7346486238162
1710893640,34.3405090788162
1710893700,34.4349042038162
1710893760,29.106187918816197
1710893820,36.36984275481621
1710893880,46.7781565598162
1710893940,50.6962887748162
1710894000,51.582592131816206
1710894060,49.18539343381621
1710894120,49.65101358381621
1710894180,50.015589578816204
1710894240,52.58069213981621
1710894300,55.4392517208162
1710894360,56.45603329081621
1710894420,53.44492051181621
1710894480,53.31653321581621
1710894540,52.05000448781621
1710894600,51.118578191816205
1710894660,47.10468718481621
1710894720,42.324726905816206
1710894780,45.31806935881621
1710894840,48.929836212816205
1710894900,54.47368488681621
1710894960,59.2845111278162
1710895020,57.57516417581621
1710895080,56.14678689181621
1710895140,55.80991053981621
1710895200,56.8405359468162
1710895260,56.220605152816205
1710895320,52.79877223081621
1710895380,54.8948533658162
1710895440,54.91045546681621
1710895500,54.998826644816205
1710895560,53.281865960816205
1710895620,53.26299818381621
1710895680,52.92166298881621
1710895740,51.96867722381621
1710895800,51.184805262816205
1710895860,51.77955555981621
1710895920,52.35298644181621
1710895980,55.242876087816214
1710896040,56.62073718481621
1710896100,58.97079427881621
1710896160,59.0812555098162
1710896220,57.60916154981621
1710896280,61.94790631081621
1710896340,61.2797626268162
1710896400,59.525896782816204
1710896460,58.2158301498162
1710896520,59.20886074681621
1710896580,57.64174950381621
1710896640,55.05925834481621
1710896700,52.86700564281621
1710896760,52.07310306081621
1710896820,52.03532213981621
1710896880,52.51278103381621
1710896940,52.0718549738162
1710897000,50.16212996781621
1710897060,47.63805483281621
1710897120,48.88990362181621
1710897180,50.935112923816206
1710897240,52.06867440281621
1710897300,51.21065353581621
1710897360,49.057768063816205
1710897420,50.65747586481621
1710897480,47.6666379448162
1710897540,40.35765601281621
1710897600,39.19173695681621
1710897660,34.2025118338162
1710897720,33.1776265648162
1710897780,30.164657258816206
1710897840,28.34882786381621
1710897900,27.331149030816206
1710897960,26.2016563158162
1710898020,33.9518708008162
1710898080,39.692601675816206
1710898140,43.1480386948162
1710898200,40.46930498581621
1710898260,38.3822945608162
1710898320,38.5456543628162
1710898380,37.17581498181621
1710898440,34.67333282181621
1710898500,37.043908390816206
1710898560,39.2241891338162
1710898620,38.781213128816205
1710898680,38.879715692816205
1710898740,37.6421183378162
1710898800,36.525797825816205
1710898860,32.2786487058162
1710898920,32.74539157381621
1710898980,34.55702228381621
1710899040,35.4125497618162
1710899100,40.79451715081621
1710899160,39.9460867258162
1710899220,42.0001724608162
1710899280,44.82751235681621
1710899340,45.76485498381621
1710899400,50.85079559181621
1710899460,52.996097527816204
1710899520,49.43556295481621
1710899580,51.32373884581621
1710899640,50.47894520481621
1710899700,54.260675312816204
1710899760,51.01987688381621
1710899820,48.34056728381621
1710899880,45.68611722081621
1710899940,46.738027139816204
1710900000,44.3883022878162
1710900060,44.552659946816206
1710900120,49.38387216281621
1710900180,52.88418955881621
1710900240,53.585205788816204
1710900300,53.63484122581621
1710900360,54.55934805781621
1710900420,57.3984474908162
1710900480,53.89305052581621
1710900540,55.70232713181621
1710900600,58.64629420881621
1710900660,60.15283979381621
1710900720,59.3372768578162
1710900780,57.395756793816204
1710900840,59.3054590468162
1710900900,58.84299957681621
1710900960,59.95083360381621
1710901020,61.3493071208162
1710901080,61.578077138816205
1710901140,62.89034294381621
1710901200,62.81646503181621
1710901260,62.324052529816214
1710901320,61.33378357881621
1710901380,63.01810875581621
1710901440,62.34522740281621
1710901500,64.4011707118162
1710901560,63.272554805816206
1710901620,63.534348957816206
1710901680,65.1465365128162
1710901740,66.5023095768162
1710901800,64.58787389481621
1710901860,61.95769028481621
1710901920,63.661041993816205
1710901980,63.27430578381621
1710902040,64.64502414081622
1710902100,64.0037898498162
1710902160,65.0599298428162
1710902220,64.1831425678162
1710902280,64.3735615208162
1710902340,66.3230751028162
1710902400,65.1269028418162
1710902460,63.94443195381621
1710902520,66.2360900928162
1710902580,66.6912147118162
1710902640,66.23440617281621
1710902700,66.9247966758162
1710902760,68.10834558681621
1710902820,67.2708629178162
1710902880,67.6491113898162
1710902940,68.35497797581621
1710903000,68.0077168448162
1710903060,66.8308817078162
1710903120,65.84139766781621
1710903180,66.0602614588162
1710903240,65.31730501181622
1710903300,64.0109641898162
1710903360,64.7784453738162
1710903420,65.5206321218162
1710903480,66.5855605368162
1710903540,67.63066682781621
1710903600,68.3894297628162
1710903660,68.82167092081622
1710903720,69.16913084181621
1710903780,69.39220643381621
1710903840,69.41964967481621
1710903900,70.1834269058162
1710903960,71.26406243981621
1710904020,70.2247608448162
1710904080,69.60374289181621
1710904140,69.03666502181622
1710904200,68.21926663581621
1710904260,67.93202698681621
1710904320,67.41954327581621
1710904380,67.0582293618162
1710904440,67.3564340668162
1710904500,67.3980967718162
1710904560,67.8569797658162
1710904620,69.8968123848162
1710904680,70.87405182381622
1710904740,70.9587162428162
1710904800,71.62841537881621
1710904860,72.49660739881621
1710904920,72.70353998381621
1710904980,73.0006223948162
1710905040,73.48649108981621
1710905100,73.17942090581622
1710905160,73.04387440881621
1710905220,72.75429453881621
1710905280,73.0008474018162
1710905340,73.42105808281622
1710905400,72.7089303818162
1710905460,72.81658524881621
1710905520,72.84872708581621
1710905580,72.77068538381621
1710905640,72.8856793898162
1710905700,72.22759230081621
1710905760,72.7860903998162
1710905820,73.0210025728162
1710905880,73.54016683681621
1710905940,73.18587725981621
1710906000,72.5766607948162
1710906060,72.5981554928162
1710906120,72.3284388048162
1710906180,71.45143466981621
1710906240,64.62464991381621
1710906300,68.22636838081621
1710906360,63.39481743881621
1710906420,61.761360413816206
1710906480,57.71032158881621
1710906540,56.50098687681621
1710906600,56.67433128681621
1710906660,57.50995690381621
1710906720,55.03608632681621
1710906780,56.02986060981621
1710906840,53.3757786278162
1710906900,42.8250815358162
1710906960,45.605342105816206
1710907020,31.386800761816204
1710907080,31.18310378481621
1710907140,35.877933840816205
1710907200,40.420298241816205
1710907260,45.451761172816205
1710907320,45.454832092816204
1710907380,43.33501709681621
1710907440,37.3700328328162
1710907500,36.7718898478162
1710907560,33.18188700181621
1710907620,28.367930717816208
1710907680,41.9227997448162
1710907740,50.767600609816206
1710907800,49.08683764281621
1710907860,49.48158789081621
1710907920,49.714680269816206
1710907980,52.408110394816205
1710908040,54.05089180081621
1710908100,52.13250510681621
1710908160,52.2242761938162
1710908220,53.20399558481621
1710908280,49.73056068781621
1710908340,51.919140961816204
1710908400,50.7745952068162
1710908460,49.53191347781621
1710908520,41.90847507481621
1710908580,40.0404783798162
1710908640,35.492566514816204
1710908700,38.7001616788162
1710908760,38.5437349178162
1710908820,33.1818436868162
1710908880,31.037732342816206
1710908940,34.53478567281621
1710909000,25.204272822816208
1710909060,33.03329594781621
1710909120,26.48997983481621
1710909180,23.091192647816207
1710909240,9.624406690816208
1710909300,10.128661706816196
1710909360,-0.26738477718380693
1710909420,7.394013692816202
1710909480,1.6981049228162135
1710909540,7.642174787816209
1710909600,11.205833619816197
1710909660,13.923564185816211
1710909720,15.8438119578162
1710909780,14.664661882816212
1710909840,4.662453702816201
1710909900,9.7829707358162
1710909960,12.46197161581621
1710910020,11.973035738816208
1710910080,16.451507715816206
1710910140,25.4386558808162
1710910200,18.322741798816203
1710910260,16.9676921418162
1710910320,20.4333121878162
1710910380,24.06539612881621
1710910440,23.458927100816204
1710910500,30.090127394816207
1710910560,28.433160114816218
1710910620,26.4917521188162
1710910680,29.9795394908162
1710910740,28.028333649816204
1710910800,30.791617712816205
1710910860,33.048026038816204
1710910920,34.8963184478162
1710910980,31.2012007888162
1710911040,24.3844807758162
1710911100,19.587399059816207
1710911160,17.26961071281621
1710911220,11.956234806816205
1710911280,5.0662630908162
1710911340,7.342445531816203
1710911400,13.374864515816213
1710911460,3.060998630816208
1710911520,-7.669912136183797
1710911580,1.5085959808162102
1710911640,4.208550678816202
1710911700,2.3626401698162027
1710911760,-1.8202723301837977
1710911820,-1.4600393331837935
1710911880,4.098881888816194
1710911940,13.866171170816209
1710912000,8.5441750818162
1710912060,3.8686348958162
1710912120,-1.2255195401837966
1710912180,-14.103247400183783
1710912240,-14.229306417183793
1710912300,-20.564913600183793
1710912360,-23.84949261018378
1710912420,-14.606166574183796
1710912480,-20.2074497151838
1710912540,-13.8538422571838
1710912600,-13.9849115161838
1710912660,-16.874835179183783
1710912720,-23.23309122618378
1710912780,-14.62890614118379
1710912840,-0.6484921221838036
1710912900,-0.534044171183794
1710912960,2.8020635308162056
1710913020,11.401923931816206
1710913080,11.049200540816209
1710913140,10.425856006816211
1710913200,11.462950290816195
1710913260,14.136973635816204
1710913320,12.553506612816207
1710913380,17.21495622181621
1710913440,18.043400463816212
1710913500,13.699279451816203
1710913560,6.186764413816199
1710913620,5.413396951816196
1710913680,10.6686049188162
1710913740,12.738786339816215
1710913800,14.577678685816203
1710913860,12.102303428816192
1710913920,9.296153270816212
1710913980,15.390153336816212
1710914040,14.4181196228162
1710914100,19.322011956816212
1710914160,25.03948575181621
1710914220,24.982362670816208
1710914280,23.26285067981621
1710914340,24.099265339816206
1710914400,25.851385287816207
1710914460,29.4010403398162
1710914520,32.26528293181621
1710914580,27.471392828816207
1710914640,24.813862467816215
1710914700,28.951184700816206
1710914760,28.528974231816207
1710914820,24.971648945816213
1710914880,27.72972027681621
1710914940,32.138018040816206
1710915000,30.856004011816196
1710915060,38.510500564816205
1710915120,32.62398334081621
1710915180,39.07320397281621
1710915240,37.784557144816205
1710915300,40.5833892598162
1710915360,35.09107916881621
1710915420,31.370269912816212
1710915480,35.52619725781621
1710915540,33.78133230481621
1710915600,38.365413991816204
1710915660,38.5710548508162
1710915720,35.44924908281621
1710915780,41.45323153581621
1710915840,39.2664990058162
1710915900,42.41435242081621
1710915960,41.2143878118162
1710916020,42.8133335368162
1710916080,42.4560720928162
1710916140,48.3953756028162
1710916200,48.7752575848162
1710916260,45.08562216181621
1710916320,44.228137354816205
1710916380,43.49260653981621
1710916440,43.231721963816206
1710916500,45.156555307816205
1710916560,43.450871881816205
1710916620,38.04060642481621
1710916680,36.29008489781621
1710916740,40.48393822481621
1710916800,43.53579236781621
1710916860,45.24195300881621
1710916920,48.0037571198162
1710916980,46.38089892681621
1710917040,45.43595268481621
1710917100,47.63023701981621
1710917160,46.644785367816205
1710917220,41.75006508681621
1710917280,40.34668600181621
1710917340,43.74631553381621
1710917400,46.192910111816204
1710917460,47.0731784798162
1710917520,49.52844736281621
1710917580,44.256915017816205
1710917640,44.8224588828162
1710917700,42.43054864781621
1710917760,39.8525309358162
1710917820,38.472275028816206
1710917880,40.04425999381621
1710917940,37.792440828816204
1710918000,40.247442562816204
1710918060,39.015382976816205
1710918120,44.96573613881621
1710918180,45.7406817428162
1710918240,45.59640564481621
1710918300,55.34896521681621
1710918360,58.39969165881621
1710918420,62.6415741328162
1710918480,59.197043845816204
1710918540,55.092113162816204
1710918600,53.35697591081621
1710918660,59.63185339081621
1710918720,58.83848003981621
1710918780,59.73630172281621
1710918840,58.70201401281621
1710918900,57.405890797816205
1710918960,56.4565717388162
1710919020,61.216427368816206
1710919080,64.4254541188162
1710919140,64.50372072981621
1710919200,62.78574451281621
1710919260,63.045431318816206
1710919320,65.0471873928162
1710919380,65.00258109381622
1710919440,68.3529237578162
1710919500,73.2724873418162
1710919560,73.9505227308162
1710919620,74.44229309281621
1710919680,75.9010391978162
1710919740,74.45840310781621
1710919800,72.3793917138162
1710919860,70.05296338481621
1710919920,73.34365838081621
1710919980,75.77995486681621
1710920040,75.94391591681621
1710920100,75.08282939581622
1710920160,74.57133214181621
1710920220,72.59075752981622
1710920280,73.48680408181622
1710920340,74.73691892881621
1710920400,76.9563190698162
1710920460,78.38392522181621
1710920520,80.65808613481622
1710920580,81.73852236981621
1710920640,81.9979694878162
1710920700,81.59599956781621
1710920760,79.45045675381621
1710920820,78.49499680581621
1710920880,78.9274960388162
1710920940,79.61854287081621
1710921000,79.9787244558162
1710921060,81.24903777381621
1710921120,81.7544303928162
1710921180,83.1433649268162
1710921240,83.59719721781622
1710921300,84.6082120918162
1710921360,84.17523412081621
1710921420,83.87093015181621
1710921480,83.43168111081621
1710921540,82.7191770778162
1710921600,81.9040180158162
1710921660,81.3966967858162
1710921720,81.9878751778162
1710921780,81.48270209181621
1710921840,80.8256531598162
1710921900,79.7179658918162
1710921960,81.14775001481621
1710922020,81.9259448478162
1710922080,81.89594546981621
1710922140,82.66573399581621
1710922200,83.35164454081621
1710922260,86.0264077358162
1710922320,85.59567662981621
1710922380,83.58860759981621
1710922440,84.79988531181621
1710922500,83.9069797338162
1710922560,84.51530521981621
1710922620,85.46627493081621
1710922680,85.3543761308162
1710922740,86.02296331181621
1710922800,86.2677034228162
1710922860,85.8655207278162
1710922920,86.8627288278162
1710922980,87.2204957878162
1710923040,87.3080791608162
1710923100,86.7636097758162
1710923160,86.0171933508162
1710923220,86.17985622181621
1710923280,85.95198385081622
1710923340,85.8114089558162
1710923400,85.6656435738162
1710923460,86.8112270368162
1710923520,87.6741901298162
1710923580,88.42284614781622
1710923640,88.2501507158162
1710923700,87.0161021808162
1710923760,85.8178041868162
1710923820,84.7596364008162
1710923880,84.4341400598162
1710923940,84.44981591181622
1710924000,83.8536014048162
1710924060,83.24340939481621
1710924120,83.94520597781622
1710924180,83.66526286981622
1710924240,84.1001342818162
1710924300,84.48287259381621
1710924360,85.70180063981621
1710924420,86.80570331181622
1710924480,86.7889980528162
1710924540,85.80332140181622
1710924600,85.7753744888162
1710924660,85.7513540738162
1710924720,84.97764126481621
1710924780,84.95916263881621
1710924840,85.6704730958162
1710924900,84.9676881988162
1710924960,84.4748859638162
1710925020,83.90500123781621
1710925080,84.1144558668162
1710925140,83.67773796681621
1710925200,83.4890358968162
1710925260,85.96459251281621
1710925320,85.6143795978162
1710925380,85.57665456381622
1710925440,86.48372146481621
1710925500,86.69587249881621
1710925560,87.3715926338162
1710925620,85.8857879618162
1710925680,86.31566675181621
1710925740,85.8465395568162
1710925800,85.35739238881621
1710925860,85.3634327348162
1710925920,84.7959196868162
1710925980,85.33560331681622
1710926040,85.4579683478162
1710926100,86.40084455781621
1710926160,86.25645834481621
1710926220,86.96723480681621
1710926280,86.8477565838162
1710926340,87.11826159381621
1710926400,88.4651754118162
1710926460,89.48743554581621
1710926520,88.9425078998162
1710926580,89.1466866508162
1710926640,89.3496709568162
1710926700,88.82927586781621
1710926760,88.67665259581621
1710926820,89.5316860588162
1710926880,89.3941072618162
1710926940,89.22818972781621
1710927000,89.19158590181621
1710927060,89.2081224058162
1710927120,89.71436100481621
1710927180,89.71796870081621
1710927240,89.42246422881621
1710927300,89.76427526381622
1710927360,89.99344876181621
1710927420,89.86590870381622
1710927480,89.74585905681622
1710927540,89.81073496981621
1710927600,89.5835379058162
1710927660,89.8173989238162
1710927720,90.0144719638162
1710927780,90.01377112281621
1710927840,89.8462147558162
1710927900,90.01792077181622
1710927960,90.1116742738162
1710928020,90.00245553281621
1710928080,90.23454390581621
1710928140,90.0254922878162
1710928200,90.3381389768162
1710928260,90.09948296581621
1710928320,90.39832488281621
1710928380,90.3345579818162
1710928440,90.4805279928162
1710928500,90.5680098608162
1710928560,90.6570375638162
1710928620,90.89272983681622
1710928680,90.77517040081621
1710928740,90.81253903181621
1710928800,90.7093648838162
1710928860,90.81355210181621
1710928920,90.77091380981621
1710928980,91.2270601468162
1710929040,90.9100076718162
1710929100,91.18934375381622
1710929160,91.16771721181621
1710929220,91.22969548581621
1710929280,91.07736382281621
1710929340,91.30378822681621
1710929400,91.4003261998162
1710929460,91.28044595381621
1710929520,91.39831086081621
1710929580,91.53029325281621
1710929640,91.41936895181621
1710929700,91.59665690781621
1710929760,91.4807323338162
1710929820,91.71234370781622
1710929880,91.33001779781621
1710929940,91.3424399518162
1710930000,91.40184406381621
1710930060,91.52659793881621
1710930120,91.82977307381621
1710930180,91.78233261181622
1710930240,91.8170517748162
1710930300,92.17000710481621
1710930360,92.03726975881621
1710930420,91.8835074298162
1710930480,91.88648209781621
1710930540,91.89386540781621
1710930600,91.82683646981621
1710930660,91.93904879781621
1710930720,91.8321655698162
1710930780,92.10574961381622
1710930840,92.11172574181622
1710930900,92.16271930281621
1710930960,91.92829033781621
1710931020,92.0190629848162
1710931080,91.9736844268162
1710931140,92.07625370581621
1710931200,91.8875529238162
1710931260,91.98998921681621
1710931320,92.18219779381621
1710931380,92.1245700618162
1710931440,92.2487043728162
1710931500,93.01266633581622
1710931560,92.71513480481622
1710931620,92.25602416781621
1710931680,92.23834956681621
1710931740,92.55397379281621
1710931800,92.5042426578162
1710931860,92.1637524548162
1710931920,92.54654430481621
1710931980,92.34454109681622
1710932040,92.4144830948162
1710932100,92.03557820281621
1710932160,92.3529883068162
1710932220,92.02928528881621
1710932280,92.4478679748162
1710932340,92.4973063668162
1710932400,92.2716618168162
1710932460,92.27176788081621
1710932520,92.55949933981621
1710932580,92.31795850681621
1710932640,92.51903452781622
1710932700,92.5146243168162
1710932760,92.4407085138162
1710932820,92.77486288781621
1710932880,92.5538895718162
1710932940,92.47459592781621
1710933000,92.2516611108162
1710933060,92.85117972381622
1710933120,92.9716114718162
1710933180,93.09536114581621
1710933240,93.18407131181621
1710933300,93.26021747381621
1710933360,93.23471866881621
1710933420,93.35316989081622
1710933480,93.50472907081621
1710933540,93.57286104681621
1710933600,93.64925784681621
1710933660,93.7663140818162
1710933720,93.87882597081621
1710933780,93.84577699181621
1710933840,93.9066147318162
1710933900,93.96820905181622
1710933960,93.98597757781621
1710934020,93.99466159081621
1710934080,93.98535296681621
1710934140,93.98023797481622
1710934200,93.99831575181622
1710934260,94.00521837581621
1710934320,94.00521837581621
1710934380,94.00521837581621
1710934440,94.00521837581621
1710934500,94.00521837581621
1710934560,94.00521837581621
1710934620,94.00521837581621
1710934680,94.00521837581621
1710934740,94.00521837581621
1710934800,94.00521837581621
1710934860,94.00521837581621
1710934920,94.00521837581621
1710934980,94.00521837581621
1710935040,94.00521837581621
1710935100,94.00521837581621
1710935160,94.00521837581621
1710935220,94.00521837581621
1710935280,94.00521837581621
1710935340,94.00521837581621
1710935400,94.00521837581621
1710935460,94.00521837581621
1710935520,94.00521837581621
1710935580,94.00521837581621
1710935640,94.00521837581621
1710935700,94.00521837581621
1710935760,94.00521837581621
1710935820,94.00521837581621
1710935880,94.00521837581621
1710935940,94.00521837581621
1710936000,94.00521837581621
1710936060,94.00521837581621
1710936120,94.00521837581621
1710936180,94.00521837581621
1710936240,94.00521837581621
1710936300,94.00521837581621
1710936360,94.00521837581621
1710936420,94.00521837581621
1710936480,94.00521837581621
1710936540,94.00521837581621
1710936600,94.00521837581621
1710936660,94.00521837581621
1710936720,94.00521837581621
1710936780,94.00521837581621
1710936840,94.00521837581621
1710936900,94.00521837581621
1710936960,94.00521837581621
1710937020,94.00521837581621
1710937080,94.00521837581621
1710937140,94.00521837581621
1710937200,94.00521837581621
1710937260,94.00521837581621
1710937320,94.00521837581621
1710937380,94.00521837581621
1710937440,94.00521837581621
1710937500,94.00521837581621
1710937560,94.00521837581621
1710937620,94.00521837581621
1710937680,94.00521837581621
1710937740,94.00521837581621
1710937800,94.00521837581621
1710937860,94.00521837581621
1710937920,94.00521837581621
1710937980,94.00521837581621
1710938040,94.00521837581621
1710938100,94.00521837581621
1710938160,94.00521837581621
1710938220,94.00521837581621
1710938280,94.00521837581621
1710938340,94.00521837581621
1710938400,94.00521837581621
1710938460,94.00521837581621
1710938520,94.00521837581621
1710938580,94.00521837581621
1710938640,94.00521837581621
1710938700,94.00521837581621
1710938760,94.00521837581621
1710938820,94.00521837581621
1710938880,94.00521837581621
1710938940,94.00521837581621
1710939000,94.00521837581621
1710939060,94.00521837581621
1710939120,94.00521837581621
1710939180,94.00521837581621
1710939240,94.00521837581621
1710939300,94.00521837581621
1710939360,94.00521837581621
1710939420,94.00521837581621
1710939480,94.00521837581621
1710939540,94.00521837581621
1710939600,94.00521837581621
1710939660,94.00521837581621
1710939720,94.00521837581621
1710939780,94.00521837581621
1710939840,94.00521837581621
1710939900,94.00521837581621
1710939960,94.00521837581621
1710940020,94.00521837581621
1710940080,94.00521837581621
1710940140,94.00521837581621
1710940200,94.00521837581621
1710940260,94.00521837581621
1710940320,94.00521837581621
1710940380,94.00521837581621
1710940440,94.00521837581621
1710940500,94.00521837581621
1710940560,94.00521837581621
1710940620,94.00521837581621
1710940680,94.00521837581621
1710940740,94.00521837581621
1710940800,94.00521837581621
1710940860,94.00521837581621
1710940920,94.00521837581621
1710940980,94.00521837581621
1710941040,94.00521837581621
1710941100,94.00521837581621
1710941160,94.00521837581621
1710941220,94.00521837581621
1710941280,94.00521837581621
1710941340,94.00521837581621
1710941400,94.00521837581621
1710941460,94.00521837581621
1710941520,94.00521837581621
1710941580,94.00521837581621
1710941640,94.00521837581621
1710941700,94.00521837581621
1710941760,94.00521837581621
1710941820,94.00521837581621
1710941880,94.00521837581621
1710941940,94.00521837581621
1710942000,94.00521837581621
1710942060,94.00521837581621
1710942120,94.00521837581621
1710942180,94.00521837581621
1710942240,94.00521837581621
1710942300,94.00521837581621
1710942360,94.00521837581621
1710942420,94.00521837581621
1710942480,94.00521837581621
1710942540,94.00521837581621
1710942600,94.00521837581621
1710942660,94.00521837581621
1710942720,94.00521837581621
1710942780,94.00521837581621
1710942840,94.00521837581621
1710942900,94.00521837581621
1710942960,94.00521837581621
1710943020,94.00521837581621
1710943080,94.00521837581621
1710943140,94.00521837581621
1710943200,94.00521837581621
1710943260,94.00521837581621
1710943320,94.00521837581621
1710943380,94.00521837581621
1710943440,94.00521837581621
1710943500,94.00521837581621
1710943560,94.00521837581621
1710943620,94.00521837581621
1710943680,94.00521837581621
1710943740,94.00521837581621
1710943800,94.00521837581621
1710943860,94.00521837581621
1710943920,94.00521837581621
1710943980,94.00521837581621
1710944040,94.00521837581621
1710944100,94.00521837581621
1710944160,94.00521837581621
1710944220,94.00521837581621
1710944280,94.00521837581621
1710944340,94.00521837581621
1710944400,94.00521837581621
1710944460,94.00521837581621
1710944520,94.00521837581621
1710944580,94.00521837581621
1710944640,94.00521837581621
1710944700,94.00521837581621
1710944760,94.00521837581621
1710944820,94.00521837581621
1710944880,94.00521837581621
1710944940,94.00521837581621
1710945000,94.00521837581621
1710945060,94.00521837581621
1710945120,94.00521837581621
1710945180,94.00521837581621
1710945240,94.00521837581621
1710945300,94.00521837581621
1710945360,94.00521837581621
1710945420,94.00521837581621
1710945480,94.00521837581621
1710945540,94.00521837581621
1710945600,94.00521837581621
1710945660,94.00521837581621
1710945720,94.00521837581621
1710945780,94.00521837581621
1710945840,94.00521837581621
1710945900,94.00521837581621
1710945960,94.00521837581621
1710946020,94.00521837581621
1710946080,94.00521837581621
1710946140,94.00521837581621
1710946200,94.00521837581621
1710946260,94.00521837581621
1710946320,94.00521837581621
1710946380,94.00521837581621
1710946440,94.00521837581621
1710946500,94.00521837581621
1710946560,94.00521837581621
1710946620,94.00521837581621
1710946680,94.00521837581621
1710946740,94.00521837581621
1710946800,94.00521837581621
1710946860,94.00521837581621
1710946920,94.00521837581621
1710946980,94.00521837581621
1710947040,94.00521837581621
1710947100,94.00521837581621
1710947160,94.00521837581621
1710947220,94.00521837581621
1710947280,94.00521837581621
1710947340,94.00521837581621
1710947400,94.00521837581621
1710947460,94.00521837581621
1710947520,94.00521837581621
1710947580,94.00521837581621
1710947640,94.00521837581621
1710947700,94.00521837581621
1710947760,94.00521837581621
1710947820,94.00521837581621
1710947880,94.00521837581621
1710947940,94.00521837581621
1710948000,94.00521837581621
1710948060,94.00521837581621
1710948120,94.00521837581621
1710948180,94.00521837581621
1710948240,94.00521837581621
1710948300,94.00521837581621
1710948360,94.00521837581621
1710948420,94.00521837581621
1710948480,94.00521837581621
1710948540,94.00521837581621
1710948600,94.00521837581621
1710948660,94.00521837581621
1710948720,94.00521837581621
1710948780,94.00521837581621
1710948840,94.00521837581621
1710948900,94.00521837581621
1710948960,94.00521837581621
1710949020,94.00521837581621
1710949080,94.00521837581621
1710949140,94.00521837581621
1710949200,94.00521837581621
1710949260,94.00521837581621
1710949320,94.00521837581621
1710949380,94.00521837581621
1710949440,94.00521837581621
1710949500,94.00521837581621
1710949560,94.00521837581621
1710949620,94.00521837581621
1710949680,94.00521837581621
1710949740,94.00521837581621
1710949800,94.00521837581621
1710949860,94.00521837581621
1710949920,94.00521837581621
1710949980,94.00521837581621
1710950040,94.00521837581621
1710950100,94.00521837581621
1710950160,94.00521837581621
1710950220,94.00521837581621
1710950280,94.00521837581621
1710950340,94.00521837581621
1710950400,94.00521837581621
1710950460,94.00521837581621
1710950520,94.00521837581621
1710950580,94.00521837581621
1710950640,94.00521837581621
1710950700,94.00521837581621
1710950760,94.00521837581621
1710950820,94.00521837581621
1710950880,94.00521837581621
1710950940,94.00521837581621
1710951000,94.00521837581621
1710951060,94.00521837581621
1710951120,94.00521837581621
1710951180,94.00521837581621
1710951240,94.00521837581621
1710951300,94.00521837581621
1710951360,94.00521837581621
1710951420,94.00521837581621
1710951480,94.00521837581621
1710951540,94.00521837581621
1710951600,94.00521837581621
1710951660,94.00521837581621
1710951720,94.00521837581621
1710951780,94.00521837581621
1710951840,94.00521837581621
1710951900,94.00521837581621
1710951960,94.00521837581621
1710952020,94.00521837581621
1710952080,94.00521837581621
1710952140,94.00521837581621
1710952200,94.00521837581621
1710952260,94.00521837581621
1710952320,94.00521837581621
1710952380,94.00521837581621
1710952440,94.00521837581621
1710952500,94.00521837581621
1710952560,94.00521837581621
1710952620,94.00521837581621
1710952680,94.00521837581621
1710952740,94.00521837581621
1710952800,94.00521837581621
1710952860,94.00521837581621
1710952920,94.00521837581621
1710952980,94.00521837581621
1710953040,94.00521837581621
1710953100,94.00521837581621
1710953160,94.00521837581621
1710953220,94.00521837581621
1710953280,94.00521837581621
1710953340,94.00521837581621
1710953400,94.00521837581621
1710953460,94.00521837581621
1710953520,94.00521837581621
1710953580,94.00521837581621
1710953640,94.00521837581621
1710953700,94.00521837581621
1710953760,94.00521837581621
1710953820,94.00521837581621
1710953880,94.00521837581621
1710953940,94.00521837581621
1710954000,94.00521837581621
1710954060,94.00521837581621
1710954120,94.00521837581621
1710954180,94.00521837581621
1710954240,94.00521837581621
1710954300,94.00521837581621
1710954360,94.00521837581621
1710954420,94.00521837581621
1710954480,94.00521837581621
1710954540,94.00521837581621
1710954600,94.00521837581621
1710954660,94.00521837581621
1710954720,94.00521837581621
1710954780,94.00521837581621
1710954840,94.00521837581621
1710954900,94.00521837581621
1710954960,94.00521837581621
1710955020,94.00521837581621
1710955080,94.00521837581621
1710955140,94.00521837581621
1710955200,94.00521837581621
1710955260,94.00521837581621
1710955320,94.00521837581621
1710955380,94.00521837581621
1710955440,94.00521837581621
1710955500,94.00521837581621
1710955560,94.00521837581621
1710955620,94.00521837581621
1710955680,94.00521837581621
1710955740,94.00521837581621
1710955800,94.00521837581621
1710955860,94.00521837581621
1710955920,94.00521837581621
1710955980,94.00521837581621
1710956040,94.00521837581621
1710956100,94.00521837581621
1710956160,94.00521837581621
1710956220,94.00521837581621
1710956280,94.00521837581621
1710956340,94.00521837581621
1710956400,94.00521837581621
1710956460,94.00521837581621
1710956520,94.00521837581621
1710956580,94.00521837581621
1710956640,94.00521837581621
1710956700,94.00521837581621
1710956760,94.00521837581621
1710956820,94.00521837581621
1710956880,94.00521837581621
1710956940,94.00521837581621
1710957000,94.00521837581621
1710957060,94.00521837581621
1710957120,94.00521837581621
1710957180,94.00521837581621
1710957240,94.00521837581621
1710957300,94.00521837581621
1710957360,94.00521837581621
1710957420,94.00521837581621
1710957480,94.00521837581621
1710957540,94.00521837581621
1710957600,94.00521837581621
1710957660,94.00521837581621
1710957720,94.00521837581621
1710957780,94.00521837581621
1710957840,94.00521837581621
1710957900,94.00521837581621
1710957960,94.00521837581621
1710958020,94.00521837581621
1710958080,94.00521837581621
1710958140,94.00521837581621
1710958200,94.00521837581621
1710958260,94.00521837581621
1710958320,94.00521837581621
1710958380,94.00521837581621
1710958440,94.00521837581621
1710958500,94.00521837581621
1710958560,94.00521837581621
1710958620,94.00521837581621
1710958680,94.00521837581621
1710958740,94.00521837581621
1710958800,94.00521837581621
1710958860,94.00521837581621
1710958920,94.00521837581621
1710958980,94.00521837581621
1710959040,94.00521837581621
1710959100,94.00521837581621
1710959160,94.00521837581621
1710959220,94.00521837581621
1710959280,94.00521837581621
1710959340,94.00521837581621
1710959400,94.00521837581621
1710959460,94.00521837581621
1710959520,94.00521837581621
1710959580,94.00521837581621
1710959640,94.00521837581621
1710959700,94.00521837581621
1710959760,94.00521837581621
1710959820,94.00521837581621
1710959880,94.00521837581621
1710959940,94.00521837581621
1710960000,94.00521837581621
1710960060,94.00521837581621
1710960120,94.00521837581621
1710960180,94.00521837581621
1710960240,94.00521837581621
1710960300,94.00521837581621
1710960360,94.00521837581621
1710960420,94.00521837581621
1710960480,94.00521837581621
1710960540,94.00521837581621
1710960600,94.00521837581621
1710960660,94.00521837581621
1710960720,94.00521837581621
1710960780,94.00521837581621
1710960840,94.00521837581621
1710960900,94.00521837581621
1710960960,94.00521837581621
1710961020,94.00521837581621
1710961080,94.00521837581621
1710961140,94.00521837581621
1710961200,94.00521837581621
1710961260,94.00521837581621
1710961320,94.00521837581621
1710961380,94.00521837581621
1710961440,94.00521837581621
1710961500,94.00521837581621
1710961560,94.00521837581621
1710961620,94.00521837581621
1710961680,94.00521837581621
1710961740,94.00521837581621
1710961800,94.00521837581621
1710961860,94.00521837581621
1710961920,94.00521837581621
1710961980,94.00521837581621
1710962040,94.00521837581621
1710962100,94.00521837581621
1710962160,94.00521837581621
1710962220,94.00521837581621
1710962280,94.00521837581621
1710962340,94.00521837581621
1710962400,94.00521837581621
1710962460,94.00521837581621
1710962520,94.00521837581621
1710962580,94.00521837581621
1710962640,94.00521837581621
1710962700,94.00521837581621
1710962760,94.00521837581621
1710962820,94.00521837581621
1710962880,94.00521837581621
1710962940,94.00521837581621
1710963000,94.00521837581621
1710963060,94.00521837581621
1710963120,94.00521837581621
1710963180,94.00521837581621
1710963240,94.00521837581621
1710963300,94.00521837581621
1710963360,94.00521837581621
1710963420,94.00521837581621
1710963480,94.00521837581621
1710963540,94.00521837581621
1710963600,94.00521837581621
1710963660,94.00521837581621
1710963720,94.00521837581621
1710963780,94.00521837581621
1710963840,94.00521837581621
1710963900,94.00521837581621
1710963960,94.00521837581621
1710964020,94.00521837581621
1710964080,94.00521837581621
1710964140,94.00521837581621
1710964200,94.00521837581621
1710964260,94.00521837581621
1710964320,94.00521837581621
1710964380,94.00521837581621
1710964440,94.00521837581621
1710964500,94.00521837581621
1710964560,94.00521837581621
1710964620,94.00521837581621
1710964680,94.00521837581621
1710964740,94.00521837581621
1710964800,94.00521837581621
1710964860,94.00521837581621
1710964920,94.00521837581621
1710964980,94.00521837581621
1710965040,94.00521837581621
1710965100,94.00521837581621
1710965160,94.00521837581621
1710965220,94.00521837581621
1710965280,94.00521837581621
1710965340,94.00521837581621
1710965400,94.00521837581621
1710965460,94.00521837581621
1710965520,94.00521837581621
1710965580,94.00521837581621
1710965640,94.00521837581621
1710965700,94.00521837581621
1710965760,94.00521837581621
1710965820,94.00521837581621
1710965880,94.00521837581621
1710965940,94.00521837581621
1710966000,94.00521837581621
1710966060,94.00521837581621
1710966120,94.00521837581621
1710966180,94.00521837581621
1710966240,94.00521837581621
1710966300,94.00521837581621
1710966360,94.00521837581621
1710966420,94.00521837581621
1710966480,94.00521837581621
1710966540,94.00521837581621
1710966600,94.00521837581621
1710966660,94.00521837581621
1710966720,94.00521837581621
1710966780,94.00521837581621
1710966840,94.00521837581621
1710966900,94.00521837581621
1710966960,94.00521837581621
1710967020,94.00521837581621
1710967080,94.00521837581621
1710967140,94.00521837581621
1710967200,94.00521837581621
1710967260,94.00521837581621
1710967320,94.00521837581621
1710967380,94.00521837581621
1710967440,94.00521837581621
1710967500,94.00521837581621
1710967560,94.00521837581621
1710967620,94.00521837581621
1710967680,94.00521837581621
1710967740,94.00521837581621
1710967800,94.00521837581621
1710967860,94.00521837581621
1710967920,94.00521837581621
1710967980,94.00521837581621
1710968040,94.00521837581621
1710968100,94.00521837581621
1710968160,94.00521837581621
1710968220,94.00521837581621
1710968280,94.00521837581621
1710968340,94.00521837581621
1710968400,94.00521837581621
1710968460,94.00521837581621
1710968520,94.00521837581621
1710968580,94.00521837581621
1710968640,94.00521837581621
1710968700,94.00521837581621
1710968760,94.00521837581621
1710968820,94.00521837581621
1710968880,94.00521837581621
1710968940,94.00521837581621
1710969000,94.00521837581621
1710969060,94.00521837581621
1710969120,94.00521837581621
1710969180,94.00521837581621
1710969240,94.00521837581621
1710969300,94.00521837581621
1710969360,94.00521837581621
1710969420,94.00521837581621
1710969480,94.00521837581621
1710969540,94.00521837581621
1710969600,94.00521837581621
1710969660,94.00521837581621
1710969720,94.00521837581621
1710969780,94.00521837581621
1710969840,94.00521837581621
1710969900,94.00521837581621
1710969960,94.00521837581621
1710970020,94.00521837581621
1710970080,94.00521837581621
1710970140,94.00521837581621
1710970200,94.00521837581621
1710970260,94.00521837581621
1710970320,94.00521837581621
1710970380,94.00521837581621
1710970440,94.00521837581621
1710970500,94.00521837581621
1710970560,94.00521837581621
1710970620,94.00521837581621
1710970680,94.00521837581621
1710970740,94.00521837581621
1710970800,94.00521837581621
1710970860,94.00521837581621
1710970920,94.00521837581621
1710970980,94.00521837581621
1710971040,94.00521837581621
1710971100,94.00521837581621
1710971160,94.00521837581621
1710971220,94.00521837581621
1710971280,94.00521837581621
1710971340,94.00521837581621
1710971400,94.00521837581621
1710971460,94.00521837581621
1710971520,94.00521837581621
1710971580,94.00521837581621
1710971640,94.00521837581621
1710971700,94.00521837581621
1710971760,94.00521837581621
1710971820,94.00521837581621
1710971880,94.00521837581621
1710971940,94.00521837581621
1710972000,94.00521837581621
1710972060,94.00521837581621
1710972120,94.00521837581621
1710972180,94.00521837581621
1710972240,94.00521837581621
1710972300,94.00521837581621
1710972360,94.00521837581621
1710972420,94.00521837581621
1710972480,94.00521837581621
1710972540,94.00521837581621
1710972600,94.00521837581621
1710972660,94.00521837581621
1710972720,94.00521837581621
1710972780,94.00521837581621
1710972840,94.00521837581621
1710972900,94.00521837581621
1710972960,94.00521837581621
1710973020,94.00521837581621
1710973080,94.00521837581621
1710973140,94.00521837581621
1710973200,94.00521837581621
1710973260,94.00521837581621
1710973320,94.00521837581621
1710973380,94.00521837581621
1710973440,94.00521837581621
1710973500,94.00521837581621
1710973560,94.00521837581621
1710973620,94.00521837581621
1710973680,94.00521837581621
1710973740,94.00521837581621
1710973800,94.00521837581621
1710973860,94.00521837581621
1710973920,94.00521837581621
1710973980,94.00521837581621
1710974040,94.00521837581621
1710974100,94.00521837581621
1710974160,94.00521837581621
1710974220,94.00521837581621
1710974280,94.00521837581621
1710974340,94.00521837581621
1710974400,94.00521837581621
1710974460,94.00521837581621
1710974520,94.00521837581621
1710974580,94.00521837581621
1710974640,94.00521837581621
1710974700,94.00521837581621
1710974760,94.00521837581621
1710974820,94.00521837581621
1710974880,94.00521837581621
1710974940,94.00521837581621
1710975000,94.00521837581621
1710975060,94.00521837581621
1710975120,94.00521837581621
1710975180,94.00521837581621
1710975240,94.00521837581621
1710975300,94.00521837581621
1710975360,94.00521837581621
1710975420,94.00521837581621
1710975480,94.00521837581621
1710975540,94.00521837581621
1710975600,94.00521837581621
1710975660,94.00521837581621
1710975720,94.00521837581621
1710975780,94.00521837581621
1710975840,94.00521837581621
1710975900,94.00521837581621
1710975960,94.00521837581621
1710976020,94.00521837581621
1710976080,94.00521837581621
1710976140,94.00521837581621
1710976200,94.00521837581621
1710976260,94.00521837581621
1710976320,94.00521837581621
1710976380,94.00521837581621
1710976440,94.00521837581621
1710976500,94.00521837581621
1710976560,94.00521837581621
1710976620,94.00521837581621
1710976680,94.00521837581621
1710976740,94.00521837581621
1710976800,94.00521837581621
1710976860,94.00521837581621
1710976920,94.00521837581621
1710976980,94.00521837581621
1710977040,94.00521837581621
1710977100,94.00521837581621
1710977160,94.00521837581621
1710977220,94.00521837581621
1710977280,94.00521837581621
1710977340,94.00521837581621
1710977400,94.00521837581621
1710977460,94.00521837581621
1710977520,94.00521837581621
1710977580,94.00521837581621
1710977640,94.00521837581621
1710977700,94.00521837581621
1710977760,94.00521837581621
1710977820,94.00521837581621
1710977880,94.00521837581621
1710977940,94.00521837581621
1710978000,94.00521837581621
1710978060,94.00521837581621
1710978120,94.00521837581621
1710978180,94.00521837581621
1710978240,94.00521837581621
1710978300,94.00521837581621
1710978360,94.00521837581621
1710978420,94.00521837581621
1710978480,94.00521837581621
1710978540,94.00521837581621
1710978600,94.00521837581621
1710978660,94.00521837581621
1710978720,94.00521837581621
1710978780,94.00521837581621
1710978840,94.00521837581621
1710978900,94.00521837581621
1710978960,94.00521837581621
1710979020,94.00521837581621
1710979080,94.00521837581621
1710979140,94.00521837581621
1710979200,94.00521837581621
